{"cameraMode":{"drawMode":0,"name":"Shaded","section":"Shading Mode"},"sceneLighting":false,"audioPlay":false,"sceneViewState":{"m_AlwaysRefresh":false,"showFog":true,"showSkybox":false,"showFlares":true,"showImageEffects":true,"showParticleSystems":true,"showVisualEffectGraphs":true,"m_FxEnabled":true},"in2DMode":false,"pivot":{"x":-0.0987699031829834,"y":0.11575841903686524,"z":0.3984355926513672},"rotation":{"x":0.23636825382709504,"y":-0.20937146246433259,"z":0.052236296236515048,"w":0.9474001526832581},"size":1.1743932962417603,"orthographic":false}