{"cameraMode":{"drawMode":0,"name":"Shaded","section":"Shading Mode"},"sceneLighting":false,"audioPlay":false,"sceneViewState":{"m_AlwaysRefresh":false,"showFog":true,"showSkybox":false,"showFlares":true,"showImageEffects":true,"showParticleSystems":true,"showVisualEffectGraphs":true,"m_FxEnabled":true},"in2DMode":false,"pivot":{"x":0.02906877174973488,"y":-0.03208279609680176,"z":0.22073408961296082},"rotation":{"x":0.27711543440818789,"y":-0.3923589289188385,"z":0.12525084614753724,"w":0.868087649345398},"size":0.8660253882408142,"orthographic":false}